cityCode,cityName,areaFee,populationDencity
1100,札幌市,61488,1741.21613185167
1202,函館市,27170,392.380432537692
1203,小樽市,13363,500.036910962556
1204,旭川市,18658,454.223845063264
1205,室蘭市,12131,1095.00494559842
1206,釧路市,14318,128.211487101224
1207,帯広市,22057,273.399102270159
1208,北見市,14924,84.9272458508768
1209,夕張市,2497,11.5887140105102
1210,岩見沢市,7578,175.666292461852
1211,網走市,11555,82.9660297239915
1212,留萌市,8589,74.6096766611826
1213,苫小牧市,17223,307.59655964528
1214,稚内市,12000,47.7760121869542
1215,美唄市,2439,82.9522128992762
1216,芦別市,4813,16.9656894478868
1217,江別市,18897,643.804034582133
1218,赤平市,4000,85.5020018478596
1219,紋別市,6444,27.8160283107441
1220,士別市,5592,17.7927485212916
1221,名寄市,9748,54.2750373692078
1222,三笠市,1451,30.0013222266296
1223,根室市,5425,53.1693827160494
1224,千歳市,24832,160.888141295206
1225,滝川市,6295,355.409836065574
1226,砂川市,6779,224.885612608033
1227,歌志内市,333,64.0750670241287
1228,深川市,5407,41.3830229307544
1229,富良野市,11486,38.1814852424631
1230,登別市,15973,233.848546251355
1231,恵庭市,20203,236.558628881724
1233,伊達市,16738,78.7803066117377
1234,北広島市,18074,496.127677446451
1235,石狩市,13647,79.5049970931037
1236,北斗市,17463,116.722020933977
1303,当別町,5852,#N/A
1304,新篠津村,2574,#N/A
1331,松前町,4985,#N/A
1332,福島町,6100,#N/A
1333,知内町,6190,#N/A
1334,木古内町,10132,#N/A
1337,七飯町,12351,#N/A
1343,鹿部町,3130,#N/A
1345,森町,3874,#N/A
1346,八雲町,9677,#N/A
1347,長万部町,,#N/A
1361,江差町,17252,#N/A
1362,上ノ国町,3095,#N/A
1363,厚沢部町,2829,#N/A
1364,乙部町,12500,#N/A
1367,奥尻町,,#N/A
1370,今金町,7519,#N/A
1371,せたな町,3077,#N/A
1391,島牧村,1130,#N/A
1392,寿都町,1954,#N/A
1393,黒松内町,4040,#N/A
1394,蘭越町,4650,#N/A
1395,ニセコ町,8893,#N/A
1396,真狩村,3899,#N/A
1397,留寿都村,1538,#N/A
1398,喜茂別町,7424,#N/A
1399,京極町,5871,#N/A
1400,倶知安町,11974,#N/A
1401,共和町,2789,#N/A
1402,岩内町,6017,#N/A
1403,泊村,2632,#N/A
1404,神恵内村,,#N/A
1405,積丹町,2797,#N/A
1406,古平町,2969,#N/A
1407,仁木町,8182,#N/A
1408,余市町,8085,#N/A
1409,赤井川村,,#N/A
1423,南幌町,3145,#N/A
1424,奈井江町,7083,#N/A
1425,上砂川町,,#N/A
1427,由仁町,6562,#N/A
1428,長沼町,4722,#N/A
1429,栗山町,7217,#N/A
1430,月形町,,#N/A
1431,浦臼町,,#N/A
1432,新十津川町,2564,#N/A
1433,妹背牛町,880,#N/A
1434,秩父別町,,#N/A
1436,雨竜町,2000,#N/A
1437,北竜町,2333,#N/A
1438,沼田町,4259,#N/A
1452,鷹栖町,9653,#N/A
1453,東神楽町,18689,#N/A
1454,当麻町,8458,#N/A
1455,比布町,1376,#N/A
1456,愛別町,649,#N/A
1457,上川町,,#N/A
1458,東川町,7183,#N/A
1459,美瑛町,5489,#N/A
1460,上富良野町,10210,#N/A
1461,中富良野町,2413,#N/A
1462,南富良野町,2947,#N/A
1463,占冠村,2451,#N/A
1464,和寒町,3724,#N/A
1465,剣淵町,952,#N/A
1468,下川町,3062,#N/A
1469,美深町,2173,#N/A
1470,音威子府村,,#N/A
1471,中川町,1111,#N/A
1472,幌加内町,1592,#N/A
1481,増毛町,8436,#N/A
1482,小平町,3780,#N/A
1483,苫前町,,#N/A
1484,羽幌町,4225,#N/A
1485,初山別村,91,#N/A
1486,遠別町,2084,#N/A
1487,天塩町,6250,#N/A
1511,猿払村,3988,#N/A
1512,浜頓別町,,#N/A
1513,中頓別町,2929,#N/A
1514,枝幸町,4260,#N/A
1516,豊富町,4167,#N/A
1517,礼文町,,#N/A
1518,利尻町,,#N/A
1519,利尻富士町,2619,#N/A
1520,幌延町,,#N/A
1543,美幌町,9446,#N/A
1544,津別町,5405,#N/A
1545,斜里町,4850,#N/A
1546,清里町,3061,#N/A
1547,小清水町,1245,#N/A
1549,訓子府町,5184,#N/A
1550,置戸町,,#N/A
1552,佐呂間町,,#N/A
1555,遠軽町,5401,#N/A
1559,湧別町,3982,#N/A
1560,滝上町,994,#N/A
1561,興部町,5714,#N/A
1562,西興部村,3684,#N/A
1563,雄武町,4199,#N/A
1564,大空町,10120,#N/A
1571,豊浦町,8138,#N/A
1575,壮瞥町,11929,#N/A
1578,白老町,2416,#N/A
1581,厚真町,4293,#N/A
1584,洞爺湖町,8143,#N/A
1585,安平町,6657,#N/A
1586,むかわ町,588,#N/A
1601,日高町,3105,#N/A
1602,平取町,4574,#N/A
1604,新冠町,4837,#N/A
1607,浦河町,6421,#N/A
1608,様似町,4059,#N/A
1609,えりも町,3632,#N/A
1610,新ひだか町,8943,#N/A
1631,音更町,18235,#N/A
1632,士幌町,5064,#N/A
1633,上士幌町,3464,#N/A
1634,鹿追町,3300,#N/A
1635,新得町,3530,#N/A
1636,清水町,3958,#N/A
1637,芽室町,11754,#N/A
1638,中札内村,4852,#N/A
1639,更別村,4704,#N/A
1641,大樹町,5281,#N/A
1642,広尾町,2753,#N/A
1643,幕別町,9904,#N/A
1644,池田町,6990,#N/A
1645,豊頃町,2640,#N/A
1646,本別町,4672,#N/A
1647,足寄町,7003,#N/A
1648,陸別町,4815,#N/A
1649,浦幌町,3421,#N/A
1661,釧路町,10916,#N/A
1662,厚岸町,2409,#N/A
1663,浜中町,6500,#N/A
1664,標茶町,6655,#N/A
1665,弟子屈町,2619,#N/A
1667,鶴居村,769,#N/A
1668,白糠町,2742,#N/A
1691,別海町,4452,#N/A
1692,中標津町,13101,#N/A
1693,標津町,,#N/A
1694,羅臼町,5952,#N/A
2201,青森市,30843,348.829143473885
2202,弘前市,20521,338.441434566959
2203,八戸市,21472,756.879622962624
2204,黒石市,10105,157.954388389772
2205,五所川原市,13602,136.525805334257
2206,十和田市,12299,87.4099083580238
2207,三沢市,16890,335.329940769167
2208,むつ市,9799,67.6876967228291
2209,つがる市,4606,131.398146322224
2210,平川市,11623,92.7892257449207
2301,平内町,6019,#N/A
2303,今別町,,#N/A
2304,蓬田村,7468,#N/A
2307,外ヶ浜町,3386,#N/A
2321,鰺ヶ沢町,5622,#N/A
2323,深浦町,4631,#N/A
2343,西目屋村,,#N/A
2361,藤崎町,13707,#N/A
2362,大鰐町,5613,#N/A
2367,田舎館村,6974,#N/A
2381,板柳町,12502,#N/A
2384,鶴田町,6224,#N/A
2387,中泊町,2677,#N/A
2401,野辺地町,7487,#N/A
2402,七戸町,9808,#N/A
2405,六戸町,3808,#N/A
2406,横浜町,1948,#N/A
2408,東北町,8562,#N/A
2411,六ヶ所村,7850,#N/A
2412,おいらせ町,9925,#N/A
2423,大間町,4693,#N/A
2424,東通村,2917,#N/A
2425,風間浦村,2938,#N/A
2426,佐井村,1025,#N/A
2441,三戸町,5426,#N/A
2442,五戸町,5000,#N/A
2443,田子町,4184,#N/A
2445,南部町,8637,#N/A
2446,階上町,4555,#N/A
2450,新郷村,6177,#N/A
3201,盛岡市,43204,335.748530689138
3202,宮古市,18081,45.0113171584005
3203,大船渡市,14601,118.009302325581
3205,花巻市,19208,107.555125001376
3206,北上市,18219,213.715003999543
3207,久慈市,12426,57.1643945469126
3208,遠野市,18645,33.9745995617274
3209,一関市,21077,96.7693924006304
3210,陸前高田市,9998,85.1858239199793
3211,釜石市,21453,83.5763273833856
3213,二戸市,18286,65.6748013890871
3214,八幡平市,6416,30.5636089528006
3215,奥州市,18912,120.227524413571
3216,滝沢市,25077,303.973473638058
3301,雫石町,15789,#N/A
3302,葛巻町,8632,#N/A
3303,岩手町,11359,#N/A
3321,紫波町,21542,#N/A
3322,矢巾町,48009,#N/A
3366,西和賀町,2875,#N/A
3381,金ケ崎町,19919,#N/A
3402,平泉町,10667,#N/A
3441,住田町,3860,#N/A
3461,大槌町,19613,#N/A
3482,山田町,16532,#N/A
3483,岩泉町,9704,#N/A
3484,田野畑村,2175,#N/A
3485,普代村,13434,#N/A
3501,軽米町,7891,#N/A
3503,野田村,10626,#N/A
3506,九戸村,8454,#N/A
3507,洋野町,3422,#N/A
3524,一戸町,13919,#N/A
4100,仙台市,63844,1376.26732799186
4202,石巻市,21660,265.45133253994
4203,塩竈市,30373,3119.5739781232
4205,気仙沼市,13843,195.487907592347
4206,白石市,18607,123.122032951689
4207,名取市,44765,780.971783640623
4208,角田市,12958,204.568562326306
4209,多賀城市,47477,3153.68207211783
4211,岩沼市,28920,739.090157154673
4212,登米市,12360,152.874356487354
4213,栗原市,9854,86.8429879374387
4214,東松島市,24867,389.729676400947
4215,大崎市,18615,167.416787991365
4301,蔵王町,3970,#N/A
4302,七ケ宿町,,#N/A
4321,大河原町,25391,#N/A
4322,村田町,17143,#N/A
4323,柴田町,26679,#N/A
4324,川崎町,4346,#N/A
4341,丸森町,9500,#N/A
4361,亘理町,13891,#N/A
4362,山元町,13546,#N/A
4401,松島町,26890,#N/A
4404,七ケ浜町,26365,#N/A
4406,利府町,47339,#N/A
4421,大和町,21560,#N/A
4422,大郷町,5500,#N/A
4423,富谷町,41661,#N/A
4424,大衡村,10220,#N/A
4444,色麻町,,#N/A
4445,加美町,4693,#N/A
4501,涌谷町,9167,#N/A
4505,美里町,14489,#N/A
4581,女川町,8898,#N/A
4606,南三陸町,7821,#N/A
5201,秋田市,29183,348.545950181549
5202,能代市,13384,128.188312448765
5203,横手市,13854,133.078810623557
5204,大館市,12629,81.223582488338
5206,男鹿市,4887,117.694636857605
5207,湯沢市,9404,58.9359092690698
5209,鹿角市,7736,45.2821121664405
5210,由利本荘市,16486,66.0772156084656
5211,潟上市,11412,338.51427402026
5212,大仙市,15092,95.507458726075
5213,北秋田市,3851,28.8212637496096
5214,にかほ市,9933,105.022187201924
5215,仙北市,10094,25.1682578002122
5303,小坂町,10000,#N/A
5327,上小阿仁村,,#N/A
5346,藤里町,3739,#N/A
5348,三種町,4399,#N/A
5349,八峰町,4217,#N/A
5361,五城目町,3519,#N/A
5363,八郎潟町,12903,#N/A
5366,井川町,1357,#N/A
5368,大潟村,,#N/A
5434,美郷町,7495,#N/A
5463,羽後町,10099,#N/A
5464,東成瀬村,,#N/A
6201,山形市,43690,665.701547338054
6202,米沢市,14741,156.702703688173
6203,鶴岡市,19664,98.8555351383499
6204,酒田市,21417,176.20113770171
6205,新庄市,17725,165.555306259816
6206,寒河江市,20166,296.741710422211
6207,上山市,23416,131.029759681235
6208,村山市,15321,125.312214438014
6209,長井市,15023,129.300787254856
6210,天童市,33912,550.340677816122
6211,東根市,23313,230.830192326278
6212,尾花沢市,9082,45.5077443427375
6213,南陽市,15808,201.12758534762
6301,山辺町,23145,#N/A
6302,中山町,14082,#N/A
6321,河北町,20318,#N/A
6322,西川町,,#N/A
6323,朝日町,7244,#N/A
6324,大江町,9344,#N/A
6341,大石田町,9074,#N/A
6361,金山町,5083,#N/A
6362,最上町,3166,#N/A
6363,舟形町,9539,#N/A
6364,真室川町,3697,#N/A
6365,大蔵村,9000,#N/A
6366,鮭川村,3961,#N/A
6367,戸沢村,3519,#N/A
6381,高畠町,14165,#N/A
6382,川西町,5724,#N/A
6401,小国町,9151,#N/A
6402,白鷹町,4665,#N/A
6403,飯豊町,2342,#N/A
6426,三川町,5728,#N/A
6428,庄内町,14486,#N/A
6461,遊佐町,3844,#N/A
7201,福島市,39101,383.273849841088
7202,会津若松市,27005,323.94704546048
7203,郡山市,41734,443.005810882198
7204,いわき市,39729,284.278664307398
7205,白河市,18931,202.780689113062
7207,須賀川市,21086,277.139176180081
7208,喜多方市,20148,89.0269188467988
7209,相馬市,20467,194.934020931291
7210,二本松市,23079,168.869403635097
7211,田村市,14468,84.007156415683
7212,南相馬市,19767,145.007275829194
7213,伊達市,16963,140.474100087796
7214,本宮市,23886,351.329243353783
7301,桑折町,13551,#N/A
7303,国見町,6319,#N/A
7308,川俣町,14460,#N/A
7322,大玉村,16115,#N/A
7342,鏡石町,17182,#N/A
7344,天栄村,1526,#N/A
7362,下郷町,4412,#N/A
7364,檜枝岐村,,#N/A
7367,只見町,3797,#N/A
7368,南会津町,10681,#N/A
7402,北塩原村,,#N/A
7405,西会津町,16667,#N/A
7407,磐梯町,3945,#N/A
7408,猪苗代町,11373,#N/A
7421,会津坂下町,9656,#N/A
7422,湯川村,3509,#N/A
7423,柳津町,6621,#N/A
7444,三島町,,#N/A
7445,金山町,4062,#N/A
7446,昭和村,,#N/A
7447,会津美里町,12527,#N/A
7461,西郷村,20559,#N/A
7464,泉崎村,,#N/A
7465,中島村,2626,#N/A
7466,矢吹町,13824,#N/A
7481,棚倉町,16125,#N/A
7482,矢祭町,9412,#N/A
7483,塙町,8371,#N/A
7484,鮫川村,,#N/A
7501,石川町,14766,#N/A
7502,玉川村,17210,#N/A
7503,平田村,8000,#N/A
7504,浅川町,13147,#N/A
7505,古殿町,1161,#N/A
7521,三春町,17601,#N/A
7522,小野町,2894,#N/A
7541,広野町,10334,#N/A
7542,楢葉町,7177,#N/A
7543,富岡町,22222,#N/A
7544,川内村,2515,#N/A
7545,大熊町,,#N/A
7546,双葉町,,#N/A
7547,浪江町,6792,#N/A
7548,葛尾村,,#N/A
7561,新地町,8276,#N/A
7564,飯舘村,,#N/A
8201,水戸市,27320,1246.01049144119
8202,日立市,29132,819.766102595907
8203,土浦市,19251,1145.77264220034
8204,古河市,24716,1140.52435669202
8205,石岡市,14556,352.711919454368
8207,結城市,17684,784.580291970803
8208,龍ケ崎市,22106,997.352005092298
8210,下妻市,14008,535.274480712166
8211,常総市,14258,497.27434487221
8212,常陸太田市,11172,140.579047823866
8214,高萩市,14838,153.10465957227
8215,北茨城市,17754,237.751605995717
8216,笠間市,12860,319.21381031614
8217,取手市,33984,1523.73462968259
8219,牛久市,37890,1431.04209097081
8220,つくば市,42998,799.95418017764
8221,ひたちなか市,27830,1557.98058641049
8222,鹿嶋市,18423,640.247123184305
8223,潮来市,10164,407.717086834734
8224,守谷市,74366,1813.30159619154
8225,常陸大宮市,10235,122.218395752619
8226,那珂市,16876,554.855857697812
8227,筑西市,10189,509.366780321481
8228,坂東市,6656,439.624481833699
8229,稲敷市,6131,208.007385452602
8230,かすみがうら市,18891,269.137931034483
8231,桜川市,7908,236.765522603577
8232,神栖市,13534,643.269361644209
8233,行方市,4700,156.908486156059
8234,鉾田市,11427,231.910794277732
8235,つくばみらい市,49204,620.717534108135
8236,小美玉市,7299,351.741052922482
8302,茨城町,8387,#N/A
8309,大洗町,17601,#N/A
8310,城里町,7758,#N/A
8341,東海村,32311,#N/A
8364,大子町,3538,#N/A
8442,美浦村,6745,#N/A
8443,阿見町,23770,#N/A
8447,河内町,5517,#N/A
8521,八千代町,5899,#N/A
8542,五霞町,9455,#N/A
8546,境町,10428,#N/A
8564,利根町,7174,#N/A
9201,宇都宮市,42263,1244.07820558954
9202,足利市,20950,840.751575157516
9203,栃木市,18354,480.274509803922
9204,佐野市,22740,334.00460622402
9205,鹿沼市,20440,200.501385944888
9206,日光市,11578,57.5143292661898
9208,小山市,29747,970.889613414066
9209,真岡市,19112,475.313732520617
9210,大田原市,12304,212.938819279828
9211,矢板市,9696,195.670538542767
9213,那須塩原市,13117,197.63471336505
9214,さくら市,16638,357.406670381278
9215,那須烏山市,12177,155.130484657299
9216,下野市,33592,796.769003887921
9301,上三川町,30937,#N/A
9342,益子町,7517,#N/A
9343,茂木町,9266,#N/A
9344,市貝町,9921,#N/A
9345,芳賀町,18540,#N/A
9361,壬生町,23546,#N/A
9364,野木町,28889,#N/A
9384,塩谷町,2409,#N/A
9386,高根沢町,32625,#N/A
9407,那須町,5841,#N/A
9411,那珂川町,5685,#N/A
10201,前橋市,34593,1078.83436567284
10202,高崎市,30346,807.74457705375
10203,桐生市,16085,417.977773729277
10204,伊勢崎市,25661,1497.51864601262
10205,太田市,23667,1252.17614218981
10206,沼田市,17962,109.764127542507
10207,館林市,19019,1257.45448581269
10208,渋川市,15631,326.262121779665
10209,藤岡市,18446,364.45726329802
10210,富岡市,14192,404.932844932845
10211,安中市,11798,211.830914552495
10212,みどり市,14726,244.247193167642
10344,榛東村,11821,#N/A
10345,吉岡町,25860,#N/A
10366,上野村,,#N/A
10367,神流町,3813,#N/A
10382,下仁田町,13585,#N/A
10383,南牧村,,#N/A
10384,甘楽町,12737,#N/A
10421,中之条町,8275,#N/A
10424,長野原町,3892,#N/A
10425,嬬恋村,2260,#N/A
10426,草津町,18214,#N/A
10428,高山村,3704,#N/A
10429,東吾妻町,4661,#N/A
10443,片品村,1389,#N/A
10444,川場村,4167,#N/A
10448,昭和村,6952,#N/A
10449,みなかみ町,7996,#N/A
10464,玉村町,20746,#N/A
10521,板倉町,12213,#N/A
10522,明和町,9099,#N/A
10523,千代田町,11830,#N/A
10524,大泉町,22435,#N/A
10525,邑楽町,18683,#N/A
11100,さいたま市,150960,5813.2686381824
11201,川越市,99270,3214.01081279208
11202,熊谷市,37187,1243.53647853836
11203,川口市,142690,9331.91283292978
11206,行田市,21138,1216.66913616832
11207,秩父市,33014,109.989097139297
11208,所沢市,123721,4720.37165441686
11209,飯能市,43446,418.104118104118
11210,加須市,18156,841.927981995499
11211,本庄市,21553,868.335377411083
11212,東松山市,38135,1399.18898240245
11214,春日部市,55724,3525.89393939394
11215,狭山市,78588,3110.94100836906
11216,羽生市,14493,935.777626193724
11217,鴻巣市,46379,1750.77105575326
11218,深谷市,27893,1039.32210739322
11219,上尾市,89949,4948.27510437267
11221,草加市,113525,8996.13983976693
11222,越谷市,98238,5602.55644090305
11223,蕨市,212913,14140.9001956947
11224,戸田市,224912,7484.88180318857
11225,入間市,65088,3320.42962631461
11227,朝霞市,169417,7431.78844056707
11228,志木市,176814,8030.49723756906
11229,和光市,253621,7321.19565217391
11230,新座市,102516,7116.85689201054
11231,桶川市,81682,2916.60749506903
11232,久喜市,47922,1848.21016866885
11233,北本市,71503,3401.0595358224
11234,八潮市,133542,4812.2641509434
11235,富士見市,142555,5467.98179059181
11237,三郷市,89605,4531.06538333887
11238,蓮田市,58220,2286.6568914956
11239,坂戸市,48615,2478.76645538762
11240,幸手市,21040,1548.01061007958
11241,鶴ヶ島市,50772,3980.45325779037
11242,日高市,32766,1190.39595619208
11243,吉川市,73140,2202.71636133923
11245,ふじみ野市,98547,7579.91803278689
11246,白岡市,67166,2068.0176565008
11301,伊奈町,75008,#N/A
11324,三芳町,47789,#N/A
11326,毛呂山町,24078,#N/A
11327,越生町,19891,#N/A
11341,滑川町,46494,#N/A
11342,嵐山町,34188,#N/A
11343,小川町,13985,#N/A
11346,川島町,16379,#N/A
11347,吉見町,16752,#N/A
11348,鳩山町,18694,#N/A
11349,ときがわ町,9473,#N/A
11361,横瀬町,7838,#N/A
11362,皆野町,11689,#N/A
11363,長瀞町,14732,#N/A
11365,小鹿野町,9197,#N/A
11369,東秩父村,2909,#N/A
11381,美里町,8019,#N/A
11383,神川町,10736,#N/A
11385,上里町,19902,#N/A
11408,寄居町,14116,#N/A
11442,宮代町,34839,#N/A
11464,杉戸町,37023,#N/A
11465,松伏町,40673,#N/A
12100,千葉市,89562,3576.25110391522
12202,銚子市,16785,765.114621689037
12203,市川市,178595,8385.23933855527
12204,船橋市,129428,7275.0525578136
12205,館山市,15692,430.903313663187
12206,木更津市,33371,965.390428211587
12207,松戸市,101052,7876.83284457478
12208,野田市,42835,1483.17720907774
12210,茂原市,16095,897.59807846277
12211,成田市,45463,613.496071829405
12212,佐倉市,52643,1665.9176391166
12213,東金市,13124,680.56552962298
12215,旭市,11554,510.433116136451
12216,習志野市,152187,8007.10538865045
12217,柏市,78557,3607.75666724769
12218,勝浦市,12943,204.85312899106
12219,市原市,35804,746.003205041149
12220,流山市,113274,4936.94790486976
12221,八千代市,81882,3758.55224751897
12222,我孫子市,60606,3049.96523754345
12223,鴨川市,25107,177.524327717903
12224,鎌ケ谷市,62921,5166.84060721063
12225,君津市,30643,269.856654433675
12226,富津市,14763,221.870286576169
12227,浦安市,304097,9481.15606936416
12228,四街道市,35563,2585.31286210892
12229,袖ヶ浦市,37792,642.073106499526
12230,八街市,15122,943.875100080064
12231,印西市,41756,748.606511026739
12232,白井市,61795,1738.27508455468
12233,富里市,34700,921.232368225687
12234,南房総市,19299,169.60545754758
12235,匝瑳市,8944,367.031126871552
12236,香取市,9266,295.403087478559
12237,山武市,10016,355.808407712748
12238,いすみ市,8833,245.134654471545
12239,大網白里市,19917,846.831955922865
12322,酒々井町,25573,#N/A
12329,栄町,36364,#N/A
12342,神崎町,7339,#N/A
12347,多古町,7455,#N/A
12349,東庄町,8910,#N/A
12403,九十九里町,5992,#N/A
12409,芝山町,13371,#N/A
12410,横芝光町,6753,#N/A
12421,一宮町,17047,#N/A
12422,睦沢町,12092,#N/A
12423,長生村,5769,#N/A
12424,白子町,7295,#N/A
12426,長柄町,9700,#N/A
12427,長南町,,#N/A
12441,大多喜町,10138,#N/A
12443,御宿町,9548,#N/A
12463,鋸南町,22514,#N/A
13101,千代田区,3983178,5009.09090909091
13102,中央区,1586916,13827.9138099902
13103,港区,1561314,11943.2007854688
13104,新宿区,675103,18307.3545554336
13105,文京区,768801,19461.8246235607
13106,台東区,543066,19591.7903066271
13107,墨田区,450030,18611.0384894699
13108,江東区,559532,12403.1125498008
13109,品川区,629496,16937.6094570928
13110,目黒区,744016,18924.4717109748
13111,大田区,458988,11821.3320145071
13112,世田谷区,520311,15561.5159345392
13113,渋谷区,1033836,14859.894109861
13114,中野区,507674,21052.9185375241
13115,杉並区,464901,16558.9254257193
13116,豊島区,574918,22380.2459646426
13117,北区,387383,16549.0538573508
13118,荒川区,377726,20892.125984252
13119,板橋区,356955,17439.9751707014
13120,練馬区,364983,15010.8569051581
13121,足立区,221105,12584.4507042254
13122,葛飾区,263957,12727.3850574713
13123,江戸川区,282471,13653.2665330661
13201,八王子市,105540,3098.57817362378
13202,立川市,183456,7237.06896551724
13203,武蔵野市,480385,13181.2386156648
13204,三鷹市,309496,11384.652862363
13205,青梅市,71626,1329.79382441196
13206,府中市,273456,8843.83282364934
13207,昭島市,168198,6432.46828143022
13208,調布市,314943,10614.5041705283
13209,町田市,135644,6021.55988857939
13210,小金井市,317433,10743.0088495575
13211,小平市,205565,9264.01755241346
13212,日野市,165693,6761.6333938294
13213,東村山市,159342,8748.89148191365
13214,国分寺市,231472,10710.4712041885
13215,国立市,243981,9037.42331288344
13218,福生市,130647,5747.53937007874
13219,狛江市,294412,12558.5289514867
13220,東大和市,125527,6345.52906110283
13221,清瀬市,167672,7318.08406647116
13222,東久留米市,181141,9055.27950310559
13223,武蔵村山市,105214,4649.41253263708
13224,多摩市,158673,6979.10518800571
13225,稲城市,179986,4876.79465776294
13227,羽村市,158476,5639.69696969697
13228,あきる野市,66210,1101.864706683
13229,西東京市,286110,12699.1746031746
13303,瑞穂町,76613,#N/A
13305,日の出町,30881,#N/A
13307,檜原村,16829,#N/A
13308,奥多摩町,15122,#N/A
13361,大島町,6402,86.8664609960335
13362,利島村,,81.7961165048544
13363,新島村,,99.8184458968773
13364,神津島村,1583,101.776103336921
13381,三宅村,4714,44.9068210602497
13382,御蔵島村,,16.3096397273612
13401,八丈町,5785,105.399418524159
13402,青ケ島村,,29.8657718120805
13421,小笠原村,28393,28.9602299952084
14100,横浜市,173809,8514.12375140003
14130,川崎市,248952,10316.1748251748
14150,相模原市,119908,2193.08708087385
14201,横須賀市,98562,4032.39115342656
14203,平塚市,91093,3807.53465054556
14204,鎌倉市,169117,4361.45702041845
14205,藤沢市,182446,6093.05735230703
14206,小田原市,78749,1705.35102363588
14207,茅ヶ崎市,160382,6704.42577030812
14208,逗子市,152910,3323.20601851852
14210,三浦市,58533,1413.07332293292
14211,秦野市,57633,1613.12644564379
14212,厚木市,95305,2405.30690537084
14213,大和市,207017,8598.08047249908
14214,伊勢原市,67157,1827.10583153348
14215,海老名市,124385,4896.20157954118
14216,座間市,118961,7327.09163346614
14217,南足柄市,46712,561.540456431535
14218,綾瀬市,105639,3814.81481481481
14301,葉山町,161495,#N/A
14321,寒川町,101146,#N/A
14341,大磯町,75907,#N/A
14342,二宮町,82494,#N/A
14361,中井町,49182,#N/A
14362,大井町,37638,#N/A
14363,松田町,41826,#N/A
14364,山北町,32555,#N/A
14366,開成町,68000,#N/A
14382,箱根町,8781,#N/A
14383,真鶴町,15315,#N/A
14384,湯河原町,48066,#N/A
14401,愛川町,41727,#N/A
14402,清川村,,#N/A
15100,新潟市,46921,1115.22747608232
15202,長岡市,32005,308.770453168137
15204,三条市,26046,229.627057434544
15205,柏崎市,22378,196.441418003303
15206,新発田市,20907,184.976552241606
15208,小千谷市,19854,235.182679296346
15209,加茂市,23142,208.285970685013
15210,十日町市,17031,93.0181744270736
15211,見附市,25495,521.216788602233
15212,村上市,17977,53.1756169843135
15213,燕市,24609,719.033886085076
15216,糸魚川市,25677,59.1793524871355
15217,妙高市,8489,74.4990238538698
15218,五泉市,14819,146.071438720127
15222,上越市,22145,202.284839958513
15223,阿賀野市,14349,225.251634326035
15224,佐渡市,9462,66.9171702060518
15225,魚沼市,12870,39.4524483501627
15226,南魚沼市,13427,100.193311094004
15227,胎内市,15438,114.002038582053
15307,聖籠町,12552,#N/A
15342,弥彦村,6886,#N/A
15361,田上町,10686,#N/A
15385,阿賀町,9097,#N/A
15405,出雲崎町,6952,#N/A
15461,湯沢町,14762,#N/A
15482,津南町,7526,#N/A
15504,刈羽村,14158,#N/A
15581,関川村,3795,#N/A
15586,粟島浦村,,#N/A
16201,富山市,29398,337.168718844875
16202,高岡市,26104,821.324617073054
16204,魚津市,15384,214.022232191815
16205,氷見市,19234,208.154059680777
16206,滑川市,14433,599.57898590518
16207,黒部市,18433,96.1530341770073
16208,砺波市,21752,385.735652995355
16209,小矢部市,14351,226.739762810472
16210,南砺市,11157,76.7632806891601
16211,射水市,21553,843.53467970392
16321,舟橋村,10654,#N/A
16322,上市町,15192,#N/A
16323,立山町,16224,#N/A
16342,入善町,8205,#N/A
16343,朝日町,3412,#N/A
17201,金沢市,62436,993.724393991123
17202,七尾市,13430,173.803091228952
17203,小松市,22869,288.152540088937
17204,輪島市,13202,63.8393694877088
17205,珠洲市,8095,59.1626213592233
17206,加賀市,13379,219.655409160755
17207,羽咋市,14787,265.473427000611
17209,かほく市,19344,531.021104903787
17210,白山市,40140,144.764415243797
17211,能美市,16802,580.948419301165
17212,野々市市,61622,4063.34808259587
17324,川北町,21543,#N/A
17361,津幡町,31144,#N/A
17365,内灘町,31779,#N/A
17384,志賀町,4966,#N/A
17386,宝達志水町,5005,#N/A
17407,中能登町,5146,#N/A
17461,穴水町,8261,#N/A
17463,能登町,5878,#N/A
18201,福井市,44057,495.710370798456
18202,敦賀市,30964,263.196626755241
18204,小浜市,21862,127.289888026084
18205,大野市,9553,37.9503226619901
18206,勝山市,14790,95.0252087600441
18207,鯖江市,25588,807.23489774205
18208,あわら市,14017,245.588989570867
18209,越前市,28061,353.376679670568
18210,坂井市,22867,430.581389803024
18322,永平寺町,24382,#N/A
18382,池田町,5773,#N/A
18404,南越前町,9155,#N/A
18423,越前町,9233,#N/A
18442,美浜町,13086,#N/A
18481,高浜町,22754,#N/A
18483,おおい町,17569,#N/A
18501,若狭町,14538,#N/A
19201,甲府市,30977,908.951852026168
19202,富士吉田市,30561,402.521767701659
19204,都留市,28872,197.995421642022
19205,山梨市,22063,121.259489302968
19206,大月市,23175,90.7011596788582
19207,韮崎市,17493,213.515206346997
19208,南アルプス市,22238,268.145680321042
19209,北杜市,8695,74.8755145399017
19210,甲斐市,34633,1033.85684503127
19211,笛吹市,17191,344.487916006339
19212,上野原市,28346,145.424166031541
19213,甲州市,19867,119.915944114195
19214,中央市,38940,982.13947617545
19346,市川三郷町,14881,#N/A
19364,早川町,,#N/A
19365,身延町,7178,#N/A
19366,南部町,9674,#N/A
19368,富士川町,18310,#N/A
19384,昭和町,43667,#N/A
19422,道志村,,#N/A
19423,西桂町,18209,#N/A
19424,忍野村,27568,#N/A
19425,山中湖村,10869,#N/A
19429,鳴沢村,2645,#N/A
19430,富士河口湖町,18624,#N/A
19442,小菅村,,#N/A
19443,丹波山村,12632,#N/A
20201,長野市,40998,452.316095878104
20202,松本市,38354,248.646356045663
20203,上田市,20735,284.086298094341
20204,岡谷市,36939,589.048178613396
20205,飯田市,18728,154.223726960799
20206,諏訪市,30331,459.283685994321
20207,須坂市,26910,338.912273668738
20208,小諸市,6458,431.374936580416
20209,伊那市,13995,102.212806731244
20210,駒ケ根市,12195,197.509948149041
20211,中野市,19472,391.415582100196
20212,大町市,5307,49.6169158630452
20213,飯山市,17883,105.903275206244
20214,茅野市,16481,209.73029746052
20215,塩尻市,28347,231.515966618387
20217,佐久市,17314,234.629642747515
20218,千曲市,25234,503.364220719593
20219,東御市,16093,267.927382753404
20220,安曇野市,16790,287.184278738923
20303,小海町,1913,#N/A
20304,川上村,4468,#N/A
20305,南牧村,5650,#N/A
20306,南相木村,2432,#N/A
20307,北相木村,3750,#N/A
20309,佐久穂町,10315,#N/A
20321,軽井沢町,23963,#N/A
20323,御代田町,7561,#N/A
20324,立科町,6444,#N/A
20349,青木村,2943,#N/A
20350,長和町,3515,#N/A
20361,下諏訪町,35826,#N/A
20362,富士見町,12469,#N/A
20363,原村,7839,#N/A
20382,辰野町,10419,#N/A
20383,箕輪町,11201,#N/A
20384,飯島町,4570,#N/A
20385,南箕輪村,14008,#N/A
20386,中川村,5037,#N/A
20388,宮田村,6698,#N/A
20402,松川町,7666,#N/A
20403,高森町,8610,#N/A
20404,阿南町,3030,#N/A
20407,阿智村,8965,#N/A
20409,平谷村,7692,#N/A
20410,根羽村,10667,#N/A
20411,下條村,7708,#N/A
20412,売木村,2484,#N/A
20413,天龍村,5385,#N/A
20414,泰阜村,1288,#N/A
20415,喬木村,9332,#N/A
20416,豊丘村,8450,#N/A
20417,大鹿村,2769,#N/A
20422,上松町,16463,#N/A
20423,南木曽町,4367,#N/A
20425,木祖村,2974,#N/A
20429,王滝村,,#N/A
20430,大桑村,9327,#N/A
20432,木曽町,1903,#N/A
20446,麻績村,,#N/A
20448,生坂村,3250,#N/A
20450,山形村,17305,#N/A
20451,朝日村,13333,#N/A
20452,筑北村,9663,#N/A
20481,池田町,14574,#N/A
20482,松川村,12564,#N/A
20485,白馬村,6263,#N/A
20486,小谷村,4685,#N/A
20521,坂城町,15279,#N/A
20541,小布施町,31019,#N/A
20543,高山村,7190,#N/A
20561,山ノ内町,9152,#N/A
20562,木島平村,2928,#N/A
20563,野沢温泉村,21379,#N/A
20583,信濃町,3099,#N/A
20588,小川村,11613,#N/A
20590,飯綱町,2285,#N/A
20602,栄村,1571,#N/A
21201,岐阜市,43632,1997.71611001965
21202,大垣市,37769,773.970082780656
21203,高山市,28023,40.9540735026015
21204,多治見市,30831,1210.31232876712
21205,関市,21634,188.751508479241
21206,中津川市,9368,116.613201271343
21207,美濃市,14591,177.420733270661
21208,瑞浪市,24206,221.491478897404
21209,羽島市,24304,1254.88259411107
21210,恵那市,16649,101.287085514834
21211,美濃加茂市,22799,740.328833043711
21212,土岐市,21212,498.422685743837
21213,各務原市,42803,1647.76221387086
21214,可児市,27230,1127.04122416353
21215,山県市,13203,122.146139291828
21216,瑞穂市,29968,1928.13054274565
21217,飛騨市,11814,31.160965515501
21218,本巣市,23165,90.7380221540104
21219,郡上市,11950,40.834343924327
21220,下呂市,8203,39.4555985009575
21221,海津市,13405,314.255110238329
21302,岐南町,41426,#N/A
21303,笠松町,23763,#N/A
21341,養老町,18337,#N/A
21361,垂井町,19835,#N/A
21362,関ケ原町,19136,#N/A
21381,神戸町,18394,#N/A
21382,輪之内町,11053,#N/A
21383,安八町,21855,#N/A
21401,揖斐川町,11009,#N/A
21403,大野町,15418,#N/A
21404,池田町,12209,#N/A
21421,北方町,39268,#N/A
21501,坂祝町,22828,#N/A
21502,富加町,9472,#N/A
21503,川辺町,13872,#N/A
21504,七宗町,12846,#N/A
21505,八百津町,10171,#N/A
21506,白川町,1818,#N/A
21507,東白川村,19091,#N/A
21521,御嵩町,11211,#N/A
21604,白川村,3333,#N/A
22100,静岡市,94730,499.319356894964
22130,浜松市,52424,512.162561133718
22203,沼津市,75756,1046.38960205392
22205,熱海市,26347,607.704758821625
22206,三島市,86673,1774.36310867462
22207,富士宮市,37876,336.10054487509
22208,伊東市,12135,550.725221595488
22209,島田市,46326,310.776053215078
22210,富士市,49918,1014.08042457644
22211,磐田市,45085,1023.0039767513
22212,焼津市,40518,1983.53008106955
22213,掛川市,32398,431.337272761489
22214,藤枝市,55977,740.00309182727
22215,御殿場市,52532,451.913801949718
22216,袋井市,34726,791.92282839472
22219,下田市,28133,219.543973941368
22220,裾野市,57341,381.820156385751
22221,湖西市,42938,690.723197781885
22222,伊豆市,17059,86.0428057257466
22223,御前崎市,12252,496.918852959121
22224,菊川市,25669,496.475209682557
22225,伊豆の国市,46109,508.898752906362
22226,牧之原市,23459,407.798370489748
22301,東伊豆町,10988,#N/A
22302,河津町,15941,#N/A
22304,南伊豆町,22097,#N/A
22305,松崎町,28750,#N/A
22306,西伊豆町,18625,#N/A
22325,函南町,80537,#N/A
22341,清水町,75263,#N/A
22342,長泉町,88288,#N/A
22344,小山町,28933,#N/A
22424,吉田町,30545,#N/A
22429,川根本町,8550,#N/A
22461,森町,19099,#N/A
23100,名古屋市,150650,7032.12743145964
23201,豊橋市,63742,1431.16550828687
23202,岡崎市,88091,984.119318181818
23203,一宮市,58023,3346.23089088034
23204,瀬戸市,48816,1158.40215439856
23205,半田市,61107,2465.37326022775
23206,春日井市,88302,3303.59991377452
23207,豊川市,59917,1132.15837160233
23208,津島市,30917,2528.13870067756
23209,碧南市,57312,1945.09269356598
23210,刈谷市,119130,2972.1174836277
23211,豊田市,72054,460.12501088945
23212,安城市,108264,2139.91865194654
23213,西尾市,47031,1041.99230864657
23214,蒲郡市,52548,1424.05618964004
23215,犬山市,55183,992.096128170894
23216,常滑市,29149,1011.75523349436
23217,江南市,62432,3256.92052980132
23219,小牧市,67451,2379.58923738258
23220,稲沢市,51220,1724.85192186515
23221,新城市,25480,94.4113935460609
23222,東海市,73872,2577.57310614782
23223,大府市,109809,2648.75222816399
23224,知多市,58041,1843.50762527233
23225,知立市,119057,4322.56284488044
23226,尾張旭市,90326,3841.51212553495
23227,高浜市,79101,3526.77345537757
23228,岩倉市,55019,4542.69340974212
23229,豊明市,101753,2977.04565030146
23230,日進市,110360,2520.108851332
23231,田原市,29415,326.308078694014
23232,愛西市,38166,945.847076461769
23233,清須市,86908,3880.51873198847
23234,北名古屋市,90751,4579.91290146979
23235,弥富市,39533,883.040816326531
23236,みよし市,84503,1920.1615408512
23237,あま市,43393,3161.0767551837
23238,長久手市,137175,2672.76102088167
23302,東郷町,82804,#N/A
23342,豊山町,84574,#N/A
23361,大口町,50197,#N/A
23362,扶桑町,56650,#N/A
23424,大治町,65943,#N/A
23425,蟹江町,56199,#N/A
23427,飛島村,25116,#N/A
23441,阿久比町,61783,#N/A
23442,東浦町,82896,#N/A
23445,南知多町,21508,#N/A
23446,美浜町,24570,#N/A
23447,武豊町,52019,#N/A
23501,幸田町,68184,#N/A
23561,設楽町,20232,#N/A
23562,東栄町,7097,#N/A
23563,豊根村,,#N/A
24201,津市,32839,393.590302484848
24202,四日市市,38095,1506.64115481496
24203,伊勢市,32879,613.472522198224
24204,松阪市,29057,262.744123400571
24205,桑名市,51141,1026.50717003219
24207,鈴鹿市,43024,1009.9917720868
24208,名張市,19560,607.189643214919
24209,尾鷲市,25080,93.4512998806497
24210,亀山市,22791,263.054857621441
24211,鳥羽市,16183,181.181293087386
24212,熊野市,20294,46.396143029329
24214,いなべ市,22481,208.41104489833
24215,志摩市,14203,281.328937073879
24216,伊賀市,23878,162.264657936693
24303,木曽岬町,24000,#N/A
24324,東員町,38879,#N/A
24341,菰野町,20175,#N/A
24343,朝日町,62780,#N/A
24344,川越町,46169,#N/A
24441,多気町,16328,#N/A
24442,明和町,21615,#N/A
24443,大台町,5587,#N/A
24461,玉城町,21941,#N/A
24470,度会町,15625,#N/A
24471,大紀町,7804,#N/A
24472,南伊勢町,5856,#N/A
24543,紀北町,10449,#N/A
24561,御浜町,12263,#N/A
24562,紀宝町,23812,#N/A
25201,大津市,66377,734.048782588104
25202,彦根市,43513,577.431807791944
25203,長浜市,32148,173.552905935215
25204,近江八幡市,42738,458.224852071006
25206,草津市,69235,2023.69507519906
25207,守山市,86628,1432.7054180122
25208,栗東市,71115,1266.82482444487
25209,甲賀市,23888,188.74008554462
25210,野洲市,64245,622.523084601947
25211,湖南市,30649,771.150568181818
25212,高島市,11685,72.1809393261669
25213,東近江市,40643,293.997991605943
25214,米原市,23056,154.634769759176
25383,日野町,16282,#N/A
25384,竜王町,20506,#N/A
25425,愛荘町,23987,#N/A
25441,豊郷町,10369,#N/A
25442,甲良町,,#N/A
25443,多賀町,29197,#N/A
26100,京都市,193922,1781.98784774652
26201,福知山市,29209,142.858435588374
26202,舞鶴市,44168,245.498655442535
26203,綾部市,34926,97.4387784500144
26204,宇治市,97377,2734.35001480604
26205,宮津市,17779,106.668982285516
26206,亀岡市,38600,398.038256227758
26207,城陽市,78897,2350.01528584531
26208,向日市,151079,6914.50777202073
26209,長岡京市,176707,4177.88210745957
26210,八幡市,84871,2984.1478439425
26211,京田辺市,104996,1650.39608574091
26212,京丹後市,14363,109.793989190914
26213,南丹市,16021,53.7719013627515
26214,木津川市,53231,855.632561964055
26303,大山崎町,97429,#N/A
26322,久御山町,78140,#N/A
26343,井手町,18744,#N/A
26344,宇治田原町,32442,#N/A
26364,笠置町,8333,#N/A
26365,和束町,,#N/A
26366,精華町,82500,#N/A
26367,南山城村,4787,#N/A
26407,京丹波町,4688,#N/A
26463,伊根町,,#N/A
26465,与謝野町,14173,#N/A
27100,大阪市,211661,11949.6691976378
27140,堺市,108404,5602.12254705647
27202,岸和田市,81929,2681.76940011007
27203,豊中市,171795,10867.7933498214
27204,池田市,143444,4655.32971996387
27205,吹田市,208588,10375.949016348
27206,泉大津市,97073,5303.77358490566
27207,高槻市,151206,3341.52341153006
27208,貝塚市,53235,2018.98474846346
27209,守口市,112366,11254.2879622345
27210,枚方市,102188,6206.26535626536
27211,茨木市,170978,3661.04065890966
27212,八尾市,114998,6442.95302013423
27213,泉佐野市,51645,1786.69262077508
27214,富田林市,93853,2869.68781470292
27215,寝屋川市,102904,9616.11336032389
27216,河内長野市,61521,975.891635501231
27217,松原市,93467,7247.89915966387
27218,大東市,111356,6744.22550629447
27219,和泉市,68456,2190.03294892916
27220,箕面市,139861,2785.19832985386
27221,柏原市,75818,2807.42202921437
27222,羽曳野市,63631,4260.22684310019
27223,門真市,115702,10046.8292682927
27224,摂津市,102131,5716.67787491594
27225,高石市,109473,5002.56637168142
27226,藤井寺市,114906,7360.85489313836
27227,東大阪市,110061,8138.29718355455
27228,泉南市,33124,1274.76521028991
27229,四條畷市,82715,3000.26752273943
27230,交野市,145453,2991.58512720157
27231,大阪狭山市,103293,4848.32214765101
27232,阪南市,38239,1500.58059165054
27301,島本町,122525,#N/A
27321,豊能町,34369,#N/A
27322,能勢町,4734,#N/A
27341,忠岡町,45905,#N/A
27361,熊取町,43220,#N/A
27362,田尻町,58317,#N/A
27366,岬町,19634,#N/A
27381,太子町,59031,#N/A
27382,河南町,25654,#N/A
27383,千早赤阪村,18650,#N/A
28100,神戸市,111186,2759.814728376
28201,姫路市,49502,1002.23398881135
28202,尼崎市,168680,8922.77208201893
28203,明石市,92568,5937.04977741805
28204,西宮市,191352,4880.45218087235
28205,洲本市,17850,242.669152319333
28206,芦屋市,250054,5162.42555495398
28207,伊丹市,142920,7875.32
28208,相生市,41631,333.285398230088
28209,豊岡市,27027,117.912694430507
28210,加古川市,59643,1931.21750433276
28212,赤穂市,32783,382.83935046508
28213,西脇市,23271,308.562367864693
28214,宝塚市,122666,2209.26326129666
28215,三木市,30179,437.24434876211
28216,高砂市,44736,2647.7603257708
28217,川西市,117030,2926.17889221557
28218,小野市,30971,522.702819023026
28219,三田市,41612,535.80734119437
28220,加西市,21032,293.502450655716
28221,篠山市,19852,109.881087952541
28222,養父市,10153,57.4306590054622
28223,丹波市,6928,131.100342653231
28224,南あわじ市,16650,204.846949914851
28225,朝来市,11502,76.4278271225128
28226,淡路市,23866,238.551668022783
28227,宍粟市,18769,57.3587025845051
28228,加東市,14392,255.855284036814
28229,たつの市,35506,367.140892493005
28301,猪名川町,35846,#N/A
28365,多可町,6928,#N/A
28381,稲美町,25485,#N/A
28382,播磨町,66740,#N/A
28442,市川町,4642,#N/A
28443,福崎町,24536,#N/A
28446,神河町,11752,#N/A
28464,太子町,35712,#N/A
28481,上郡町,5798,#N/A
28501,佐用町,8195,#N/A
28585,香美町,11284,#N/A
28586,新温泉町,16901,#N/A
29201,奈良市,81069,1301.03993644833
29202,大和高田市,42781,3933.07038834951
29203,大和郡山市,49118,2039.11923167018
29204,天理市,49553,779.888914603101
29205,橿原市,76426,3137.28513650152
29206,桜井市,43338,578.748357092306
29207,五條市,18276,106.146839257585
29208,御所市,21160,443.5127104655
29209,生駒市,84602,2224.51552210724
29210,香芝市,86798,3197.07337180544
29211,葛城市,50392,1086.44721233689
29212,宇陀市,21395,125.676767676768
29322,山添村,870,#N/A
29342,平群町,24164,#N/A
29343,三郷町,43051,#N/A
29344,斑鳩町,53189,#N/A
29345,安堵町,,#N/A
29361,川西町,58944,#N/A
29362,三宅町,37958,#N/A
29363,田原本町,77520,#N/A
29385,曽爾村,9091,#N/A
29386,御杖村,1429,#N/A
29401,高取町,9524,#N/A
29402,明日香村,24242,#N/A
29424,上牧町,59288,#N/A
29425,王寺町,49774,#N/A
29426,広陵町,65845,#N/A
29427,河合町,38102,#N/A
29441,吉野町,,#N/A
29442,大淀町,12796,#N/A
29443,下市町,,#N/A
29444,黒滝村,,#N/A
29446,天川村,8571,#N/A
29447,野迫川村,,#N/A
29449,十津川村,13077,#N/A
29450,下北山村,,#N/A
29451,上北山村,,#N/A
29452,川上村,,#N/A
29453,東吉野村,5371,#N/A
30201,和歌山市,48096,1743.69852518675
30202,海南市,37158,513.160498713635
30203,橋本市,18375,487.330524703179
30204,有田市,19458,771.753862835457
30205,御坊市,20723,564.814393076748
30206,田辺市,37052,72.8106650047229
30207,新宮市,32034,114.919876190103
30208,紀の川市,22189,274.378861574865
30209,岩出市,33354,1388.00311607375
30304,紀美野町,11496,#N/A
30341,かつらぎ町,11269,#N/A
30343,九度山町,25000,#N/A
30344,高野町,,#N/A
30361,湯浅町,26154,#N/A
30362,広川町,12867,#N/A
30366,有田川町,27749,#N/A
30381,美浜町,12893,#N/A
30382,日高町,20437,#N/A
30383,由良町,8901,#N/A
30390,印南町,6241,#N/A
30391,みなべ町,15926,#N/A
30392,日高川町,12038,#N/A
30401,白浜町,23668,#N/A
30404,上富田町,26606,#N/A
30406,すさみ町,4545,#N/A
30421,那智勝浦町,25675,#N/A
30422,太地町,16159,#N/A
30424,古座川町,389,#N/A
30427,北山村,,#N/A
30428,串本町,16434,#N/A
31201,鳥取市,32869,253.122264180528
31202,米子市,29373,1127.57136384232
31203,倉吉市,18963,180.269058295964
31204,境港市,21828,1177.6016540317
31302,岩美町,22268,#N/A
31325,若桜町,5556,#N/A
31328,智頭町,15303,#N/A
31329,八頭町,19515,#N/A
31364,三朝町,8520,#N/A
31370,湯梨浜町,9243,#N/A
31371,琴浦町,16106,#N/A
31372,北栄町,14399,#N/A
31384,日吉津村,24589,#N/A
31386,大山町,5506,#N/A
31389,南部町,14190,#N/A
31390,伯耆町,9974,#N/A
31401,日南町,9277,#N/A
31402,日野町,8302,#N/A
31403,江府町,4316,#N/A
32201,松江市,42547,359.919021274368
32202,浜田市,22099,84.1296730663423
32203,出雲市,24901,275.382791978986
32204,益田市,17344,65.082720713594
32205,大田市,16400,80.7096463243901
32206,安来市,17007,93.9063502245029
32207,江津市,21053,91.2168207575306
32209,雲南市,17368,70.559311616472
32343,奥出雲町,13227,#N/A
32386,飯南町,9911,#N/A
32441,川本町,10258,#N/A
32448,美郷町,5811,#N/A
32449,邑南町,2818,#N/A
32501,津和野町,9011,#N/A
32505,吉賀町,16364,#N/A
32525,海士町,1129,#N/A
32526,西ノ島町,,#N/A
32527,知夫村,,#N/A
32528,隠岐の島町,11326,#N/A
33100,岡山市,56937,910.772697351765
33202,倉敷市,40695,1341.61347467874
33203,津山市,20166,204.897991428515
33204,玉野市,25934,586.368024715196
33205,笠岡市,26050,370.76031967153
33207,井原市,20961,169.951548000329
33208,総社市,35787,315.502595563945
33209,高梁市,10671,58.6390976069032
33210,新見市,13966,38.6466487665293
33211,備前市,19044,136.262927528373
33212,瀬戸内市,25762,294.73893981666
33213,赤磐市,12669,206.410011463508
33214,真庭市,5858,55.6696800357259
33215,美作市,7495,65.1703976333015
33216,浅口市,28058,515.121877821246
33346,和気町,8845,#N/A
33423,早島町,29493,#N/A
33445,里庄町,28865,#N/A
33461,矢掛町,21592,#N/A
33586,新庄村,,#N/A
33606,鏡野町,11256,#N/A
33622,勝央町,8607,#N/A
33623,奈義町,6121,#N/A
33643,西粟倉村,8594,#N/A
33663,久米南町,,#N/A
33666,美咲町,10442,#N/A
33681,吉備中央町,8819,#N/A
34100,広島市,99285,1317.14780536772
34202,呉市,58821,647.823129251701
34203,竹原市,21642,223.51349065381
34204,三原市,30970,203.995334535044
34205,尾道市,41460,486.253463818443
34207,福山市,38903,897.076079823986
34208,府中市,24461,1361.50186884132
34209,三次市,12521,68.9014830236204
34210,庄原市,11444,29.6833508491845
34211,大竹市,38195,354.246122552759
34212,東広島市,31888,303.714024812646
34213,廿日市市,41931,234.751164501103
34214,安芸高田市,8642,54.835890283589
34215,江田島市,7163,241.698113207547
34302,府中町,115793,#N/A
34304,海田町,122478,#N/A
34307,熊野町,26217,#N/A
34309,坂町,90704,#N/A
34368,安芸太田町,,#N/A
34369,北広島町,4100,#N/A
34431,大崎上島町,8853,#N/A
34462,世羅町,6390,#N/A
34545,神石高原町,6007,#N/A
35201,下関市,34558,375.081367249158
35202,宇部市,21906,591.065759637188
35203,山口市,27546,192.94000371373
35204,萩市,19321,70.9713451046097
35206,防府市,24255,612.251148545176
35207,下松市,40392,624.64465584779
35208,岩国市,37579,156.522684612919
35210,光市,25904,557.570823835884
35211,長門市,11173,99.1883344062246
35212,柳井市,25266,235.237415208854
35213,美祢市,4311,55.3465639810427
35215,周南市,33912,220.69816696887
35216,山陽小野田市,19541,470.89187767676
35305,周防大島町,7842,#N/A
35321,和木町,61749,#N/A
35341,上関町,33333,#N/A
35343,田布施町,16215,#N/A
35344,平生町,19444,#N/A
35502,阿武町,7662,#N/A
36201,徳島市,43256,1351.91633986928
36202,鳴門市,26143,435.655314757482
36203,小松島市,25263,854.198809786202
36204,阿南市,31442,261.48254252462
36205,吉野川市,17485,287.678645761066
36206,阿波市,6822,194.662759667207
36207,美馬市,11390,83.077300212453
36208,三好市,7067,37.1988578082116
36301,勝浦町,,#N/A
36302,上勝町,4551,#N/A
36321,佐那河内村,,#N/A
36341,石井町,15061,#N/A
36342,神山町,,#N/A
36368,那賀町,6610,#N/A
36383,牟岐町,16471,#N/A
36387,美波町,17284,#N/A
36388,海陽町,5089,#N/A
36401,松茂町,42136,#N/A
36402,北島町,57374,#N/A
36403,藍住町,45126,#N/A
36404,板野町,17595,#N/A
36405,上板町,9833,#N/A
36468,つるぎ町,20706,#N/A
36489,東みよし町,16300,#N/A
37201,高松市,32718,1120.76929224048
37202,丸亀市,29698,984.165324745035
37203,坂出市,21506,574.808087360796
37204,善通寺市,24412,824.618081642875
37205,観音寺市,16159,504.149694501018
37206,さぬき市,15244,316.913572464225
37207,東かがわ市,11751,203.042596348884
37208,三豊市,16347,294.212204211755
37322,土庄町,17126,#N/A
37324,小豆島町,15933,#N/A
37341,三木町,19924,#N/A
37364,直島町,16651,#N/A
37386,宇多津町,66842,#N/A
37387,綾川町,14573,#N/A
37403,琴平町,17441,#N/A
37404,多度津町,16351,#N/A
37406,まんのう町,7454,#N/A
38201,松山市,70959,1199.11731140974
38202,今治市,29087,377.243337389354
38203,宇和島市,30869,165.466934381408
38204,八幡浜市,43156,263.42327404281
38205,新居浜市,29576,511.400665358697
38206,西条市,21636,212.114200556885
38207,大洲市,31300,101.998981999907
38210,伊予市,33712,189.400329150381
38213,四国中央市,29708,207.513531478492
38214,西予市,17812,75.667846171793
38215,東温市,33535,163.809749171794
38356,上島町,11468,#N/A
38386,久万高原町,5789,#N/A
38401,松前町,59440,#N/A
38402,砥部町,41627,#N/A
38422,内子町,27038,#N/A
38442,伊方町,4923,#N/A
38484,松野町,6429,#N/A
38488,鬼北町,11984,#N/A
38506,愛南町,12238,#N/A
39201,高知市,60065,1091.2650894851
39202,室戸市,12086,54.4927069062777
39203,安芸市,16901,55.411241764131
39204,南国市,24497,382.93695131684
39205,土佐市,23038,295.529566072795
39206,須崎市,23779,166.907855877141
39208,宿毛市,17251,73.0528669764842
39209,土佐清水市,21527,51.7308703161373
39210,四万十市,25891,54.2678201458192
39211,香南市,24917,260.602466793169
39212,香美市,31291,51.152716320232
39301,東洋町,,#N/A
39302,奈半利町,5522,#N/A
39303,田野町,8165,#N/A
39304,安田町,6534,#N/A
39305,北川村,9677,#N/A
39306,馬路村,,#N/A
39307,芸西村,20091,#N/A
39341,本山町,19047,#N/A
39344,大豊町,9491,#N/A
39363,土佐町,12278,#N/A
39364,大川村,,#N/A
39386,いの町,42945,#N/A
39387,仁淀川町,7755,#N/A
39401,中土佐町,9654,#N/A
39402,佐川町,12537,#N/A
39403,越知町,10909,#N/A
39405,檮原町,8696,#N/A
39410,日高村,18166,#N/A
39411,津野町,11549,#N/A
39412,四万十町,11127,#N/A
39424,大月町,19094,#N/A
39427,三原村,,#N/A
39428,黒潮町,18059,#N/A
40100,北九州市,43819,1954.03191381238
40130,福岡市,108601,4480.85558694196
40202,大牟田市,22095,1440.88397790055
40203,久留米市,31486,1324.36945555749
40204,直方市,12440,925.291450777202
40205,飯塚市,16943,603.288643901528
40206,田川市,11285,888.01099908341
40207,柳川市,18528,878.50939727803
40210,八女市,13526,133.504684520355
40211,筑後市,19604,1156.98898994734
40212,大川市,15543,1036.22843545509
40213,行橋市,18472,1007.6516773733
40214,豊前市,10435,233.483348334833
40215,中間市,18096,2618.7969924812
40216,小郡市,34077,1274.07163260822
40217,筑紫野市,49361,1152.18283369429
40218,春日市,88299,7826.36042402827
40219,大野城市,80625,3701.19003346969
40220,宗像市,24486,804.903677758319
40221,太宰府市,57154,2438.10810810811
40223,古賀市,41182,1377.68005704778
40224,福津市,38254,1114.12054586808
40225,うきは市,15145,251.225949259322
40226,宮若市,8374,200.814343881706
40227,嘉麻市,6942,286.751535785656
40228,朝倉市,14516,212.573466823396
40229,みやま市,9438,362.503564299972
40230,糸島市,27110,447.264719517849
40305,那珂川町,50266,#N/A
40341,宇美町,32799,#N/A
40342,篠栗町,38436,#N/A
40343,志免町,51793,#N/A
40344,須恵町,30663,#N/A
40345,新宮町,60217,#N/A
40348,久山町,21060,#N/A
40349,粕屋町,58552,#N/A
40381,芦屋町,23130,#N/A
40382,水巻町,16907,#N/A
40383,岡垣町,16764,#N/A
40384,遠賀町,25089,#N/A
40401,小竹町,9297,#N/A
40402,鞍手町,13507,#N/A
40421,桂川町,19204,#N/A
40447,筑前町,15706,#N/A
40448,東峰村,2000,#N/A
40503,大刀洗町,17119,#N/A
40522,大木町,18768,#N/A
40544,広川町,16769,#N/A
40601,香春町,5095,#N/A
40602,添田町,7166,#N/A
40604,糸田町,9184,#N/A
40605,川崎町,2675,#N/A
40608,大任町,8201,#N/A
40609,赤村,13318,#N/A
40610,福智町,8792,#N/A
40621,苅田町,30813,#N/A
40625,みやこ町,5869,#N/A
40642,吉富町,11322,#N/A
40646,上毛町,7084,#N/A
40647,築上町,4468,#N/A
41201,佐賀市,29174,547.360133382734
41202,唐津市,32130,251.825341482423
41203,鳥栖市,30992,1016.4807585053
41204,多久市,15361,203.681930693069
41205,伊万里市,18297,216.407443682664
41206,武雄市,18152,251.084953940635
41207,鹿島市,13696,264.752051373528
41208,小城市,21097,461.945517169398
41209,嬉野市,25184,216.248714500435
41210,神埼市,13262,254.471349796212
41327,吉野ヶ里町,23369,#N/A
41341,基山町,26269,#N/A
41345,上峰町,23396,#N/A
41346,みやき町,12163,#N/A
41387,玄海町,4310,#N/A
41401,有田町,18249,#N/A
41423,大町町,15777,#N/A
41424,江北町,16687,#N/A
41425,白石町,4760,#N/A
41441,太良町,11000,#N/A
42201,長崎市,48709,1058.26639727985
42202,佐世保市,29090,599.537623808853
42203,島原市,19799,547.619621549958
42204,諫早市,29217,403.984903010621
42205,大村市,31364,732.561996525036
42207,平戸市,7568,135.783563042369
42208,松浦市,10145,178.544618919954
42209,対馬市,13634,44.3912902360894
42210,壱岐市,7190,194.398221202123
42211,五島市,8564,88.8632305677895
42212,西海市,9884,118.759054596631
42213,雲仙市,15277,205.846670710653
42214,南島原市,11582,273.558285815061
42307,長与町,59909,#N/A
42308,時津町,51831,#N/A
42321,東彼杵町,6282,#N/A
42322,川棚町,11077,#N/A
42323,波佐見町,8387,#N/A
42383,小値賀町,,#N/A
42391,佐々町,28374,#N/A
42411,新上五島町,12344,#N/A
43100,熊本市,50764,1897.9862676778
43202,八代市,14614,187.08465422097
43203,人吉市,9772,160.911897411541
43204,荒尾市,14358,930.922084713265
43205,水俣市,21677,155.618837650805
43206,玉名市,11016,437.627785058978
43208,山鹿市,11521,174.393539991324
43210,菊池市,9193,173.982300884956
43211,宇土市,18129,498.331090174966
43212,上天草市,11669,212.796469939327
43213,宇城市,13026,316.823074068183
43214,阿蘇市,8491,71.799096465586
43215,天草市,20074,121.002369183071
43216,合志市,31691,1097.38672682835
43348,美里町,7606,#N/A
43364,玉東町,,#N/A
43367,南関町,2842,#N/A
43368,長洲町,11784,#N/A
43369,和水町,6099,#N/A
43403,大津町,25622,#N/A
43404,菊陽町,44809,#N/A
43423,南小国町,,#N/A
43424,小国町,8060,#N/A
43425,産山村,,#N/A
43428,高森町,4486,#N/A
43432,西原村,8941,#N/A
43433,南阿蘇村,6025,#N/A
43441,御船町,14693,#N/A
43442,嘉島町,31929,#N/A
43443,益城町,27473,#N/A
43444,甲佐町,8947,#N/A
43447,山都町,5399,#N/A
43468,氷川町,10716,#N/A
43482,芦北町,11386,#N/A
43484,津奈木町,13094,#N/A
43501,錦町,8177,#N/A
43505,多良木町,6359,#N/A
43506,湯前町,,#N/A
43507,水上村,4048,#N/A
43510,相良村,3106,#N/A
43511,五木村,,#N/A
43512,山江村,6170,#N/A
43513,球磨村,5307,#N/A
43514,あさぎり町,5600,#N/A
43531,苓北町,6378,#N/A
44201,大分市,44302,951.742670037222
44202,別府市,38621,974.453486516675
44203,中津市,16339,170.823754399528
44204,日田市,21371,99.8798852904524
44205,佐伯市,19583,79.9581446335441
44206,臼杵市,15333,133.063186813187
44207,津久見市,21717,226.082033215903
44208,竹田市,13594,46.7656482315247
44209,豊後高田市,11908,110.80779674166
44210,杵築市,9297,107.772779205941
44211,宇佐市,10469,128.135747636943
44212,豊後大野市,8778,60.6559007858872
44213,由布市,10001,107.296755605662
44214,国東市,3852,90.0622484909457
44322,姫島村,,#N/A
44341,日出町,23260,#N/A
44461,九重町,4477,#N/A
44462,玖珠町,9164,#N/A
45201,宮崎市,40489,623.204437056256
45202,都城市,16321,252.585098567405
45203,延岡市,36239,144.18907398447
45204,日南市,15276,100.893473354349
45205,小林市,10167,82.1049826805222
45206,日向市,25189,183.305137565666
45207,串間市,7784,63.6231196639111
45208,西都市,17994,69.9263884774038
45209,えびの市,7564,69.0559502350405
45341,三股町,11617,#N/A
45361,高原町,7371,#N/A
45382,国富町,7632,#N/A
45383,綾町,15316,#N/A
45401,高鍋町,19442,#N/A
45402,新富町,9475,#N/A
45403,西米良村,11200,#N/A
45404,木城町,6557,#N/A
45405,川南町,6043,#N/A
45406,都農町,4186,#N/A
45421,門川町,20103,#N/A
45429,諸塚村,,#N/A
45430,椎葉村,,#N/A
45431,美郷町,2703,#N/A
45441,高千穂町,6667,#N/A
45442,日之影町,6087,#N/A
45443,五ケ瀬町,5263,#N/A
46201,鹿児島市,64984,1095.45064377682
46203,鹿屋市,10195,231.190449626241
46204,枕崎市,13743,294.811446910939
46206,阿久根市,5804,157.852408965671
46208,出水市,10047,162.912903812352
46210,指宿市,9712,281.04676162322
46213,西之表市,6145,77.6378488767869
46214,垂水市,7752,95.7315568714532
46215,薩摩川内市,17592,140.684121126926
46216,日置市,13600,194.652385281214
46217,曽於市,6848,93.7094665607136
46218,霧島市,19237,208.655790974502
46219,いちき串木野市,15465,260.747996438112
46220,南さつま市,5717,124.965619380091
46221,志布志市,5721,108.443571723853
46222,奄美市,38078,139.994160962792
46223,南九州市,8077,101.567433153586
46224,伊佐市,8558,68.2952924393723
46225,姶良市,24295,325.072432432432
46303,三島村,,#N/A
46304,十島村,2450,#N/A
46392,さつま町,8106,#N/A
46404,長島町,4660,#N/A
46452,湧水町,8832,#N/A
46468,大崎町,4249,#N/A
46482,東串良町,3077,#N/A
46490,錦江町,1887,#N/A
46491,南大隅町,5743,#N/A
46492,肝付町,3592,#N/A
46501,中種子町,5464,#N/A
46502,南種子町,9524,#N/A
46505,屋久島町,4335,#N/A
46523,大和村,5882,#N/A
46524,宇検村,3397,#N/A
46525,瀬戸内町,13333,#N/A
46527,龍郷町,13557,#N/A
46529,喜界町,2324,#N/A
46530,徳之島町,12500,#N/A
46531,天城町,5671,#N/A
46532,伊仙町,9091,#N/A
46533,和泊町,3091,#N/A
46534,知名町,5742,#N/A
46535,与論町,2897,#N/A
47201,那覇市,117777,8072.65605256507
47205,宜野湾市,76734,4860.75757575758
47207,石垣市,25481,207.395133862388
47208,浦添市,107231,5864.06570841889
47209,名護市,26618,292.432432432432
47210,糸満市,46991,1255.83440583441
47211,沖縄市,62889,2801.26709573612
47212,豊見城市,50945,3118.31632653061
47213,うるま市,29905,1366.4866107344
47214,宮古島市,13678,250.666013712047
47215,南城市,28254,841.329595514618
47301,国頭村,11264,#N/A
47302,大宜味村,7874,#N/A
47303,東村,8081,#N/A
47306,今帰仁村,17861,#N/A
47308,本部町,18532,#N/A
47311,恩納村,28168,#N/A
47313,宜野座村,17535,#N/A
47314,金武町,24383,#N/A
47315,伊江村,5833,#N/A
47324,読谷村,38870,#N/A
47325,嘉手納町,49888,#N/A
47326,北谷町,80113,#N/A
47327,北中城村,50892,#N/A
47328,中城村,60353,#N/A
47329,西原町,58421,#N/A
47348,与那原町,54976,#N/A
47350,南風原町,74926,#N/A
47353,渡嘉敷村,,#N/A
47354,座間味村,,#N/A
47355,粟国村,1410,#N/A
47356,渡名喜村,,#N/A
47357,南大東村,3438,#N/A
47358,北大東村,,#N/A
47359,伊平屋村,1915,#N/A
47360,伊是名村,,#N/A
47361,久米島町,,#N/A
47362,八重瀬町,32514,#N/A
47375,多良間村,,#N/A
47381,竹富町,12097,#N/A
47382,与那国町,7377,#N/A
